technologies;experience;specialite;critère;langue;années
html;club;informatique;savoir-être;français;1 an expérience
css;pre-experience ;réseau;soft skills;englais;2 ans expérience
boostrap;societé;télecommunication;La formation;arabe;3 ans expérience
c++;association;embarqué;formation;russe;4 ans expérience
csharp;entreprise;génie logiciel;compétences technique;chinois;5 ans expérience
php;projet;finance;motivation;allemand;6 ans expérience
oracle;web;iot;capacité d'écoute;espagnol;7 ans expérience
sqlplus;startup;imagerie;rémunération;turc;8 ans expérience
sql plus;start-up;;disponibilité;hindi;1 an d'expérience
power bi;start up;;patience;bengali;2 ans d'expérience
ia;;;courageux;japonais;3 ans d'expérience
nlp;;;diplôme;pendjabi;5 ans d'expérience
machine learning;;;bonnes références;korean;6 ans d'expérience
deep learning;;;réaliste;coréenne;7 ans d'expérience
ml;;;compétence technique;polonais;8 ans d'expérience
python;;;bonne références;thai;9 ans d'expérience
web;;;;malais;10 ans d'expérience
intelligence artificielle;;;;soundanais;11 ans d'expérience
ai;;;;kannada;12 ans d'expérience
javascipt;;;;oriya;9 ans expérience
java-script;;;;birman;10 ans expérience
java script;;;;ukrainien;11 ans expérience
java avancé;;;;filipino;12 ans expérience
natural langage processing;;;;roumain;4 ans d'expérience
java;;;;ouzbek;
l'intelligence artificielle;;;;yorouba;
dl;;;;sindhi;
angular;;;;azéri;
;;;;saraiki;
;;;;oromo;
;;;;chinois zhouang;
;;;;tchèque;
;;;;kazakh;
;;;;akan;
;;;;deccan;
